metric,value,share_of_total
total_rows,3415689,1.0
active_rows,3152289,0.9228852509698628
mainland_uk_approx_rows,3361592,0.9841621997787269
has_accounts_last_made_up_rows,2591350,0.7586609905058687
recent_accounts_rows,2477508,0.725331843736359
priority_download_rows,930326,0.27236847382768165
coverage_sample_rows,1060724,0.3105446660981137
