accuracy,balanced_accuracy,macro_f1,weighted_f1,roc_auc_ovr_weighted,task,model,train_rows,test_rows
0.729264475743349,0.7662015202832145,0.7119327177909444,0.733860059418226,0.8596334894607655,multiclass_segment,logistic_regression,3833,1278
0.741001564945227,0.7543939104694775,0.7121402701551371,0.7420873694176732,0.8467608747520435,multiclass_segment,decision_tree_depth4,3833,1278
