accuracy,balanced_accuracy,precision_BB,recall_BB,f1_BB,roc_auc_BB,pr_auc_BB,task,model,train_rows,test_rows,test_BB_count,test_non_BB_count
0.8974960876369327,0.9090340805063688,0.5755395683453237,0.9248554913294798,0.7095343680709535,0.9534538226139722,0.7903481544761288,BB_vs_non_BB,logistic_regression,3833,1278,173,1105
0.8896713615023474,0.8825700311249445,0.5592592592592592,0.8728323699421965,0.6817155756207675,0.9494808150027463,0.7210743402100457,BB_vs_non_BB,decision_tree_depth4,3833,1278,173,1105
